,,,,北京市东方昌明咨询服务有限责任公司,,,,,,,,,,,,,,,,,,,,,,,,,,,,,,,,,,,,13001004548,,,,,,,,,,,,,,,,,,,,,,,,,,,,,,,,,,,,,,,,,,,,,,,,,,,
,,,,北京嘉兰清真食品加工厂,,,,,,,,,,,,,,,,,,,,,,,,,,,,,,,,,,,,13001004599,,,,,,,,,,,,,,,,,,,,,,,,,,,,,,,,,,,,,,,,,,,,,,,,,,,
,,,,北京华祥联达建材销售中心,,,,,,,,,,,,,,,,,,,,,,,,,,,,,,,,,,,,13001005094,,,,,,,,,,,,,,,,,,,,,,,,,,,,,,,,,,,,,,,,,,,,,,,,,,,
,,,,北京红白蓝装饰设计中心,,,,,,,,,,,,,,,,,,,,,,,,,,,,,,,,,,,,13001005116,,,,,,,,,,,,,,,,,,,,,,,,,,,,,,,,,,,,,,,,,,,,,,,,,,,
,,,,北京润源达商贸有限公司,,,,,,,,,,,,,,,,,,,,,,,,,,,,,,,,,,,,13001005182,,,,,,,,,,,,,,,,,,,,,,,,,,,,,,,,,,,,,,,,,,,,,,,,,,,
,,,,北京晓旭劳务服务中心,,,,,,,,,,,,,,,,,,,,,,,,,,,,,,,,,,,,13001005280,,,,,,,,,,,,,,,,,,,,,,,,,,,,,,,,,,,,,,,,,,,,,,,,,,,
,,,,北京小大人儿影视文化艺术发展有限公司,,,,,,,,,,,,,,,,,,,,,,,,,,,,,,,,,,,,13001005572,,,,,,,,,,,,,,,,,,,,,,,,,,,,,,,,,,,,,,,,,,,,,,,,,,,
,,,,北京伊人丽苑商贸中心,,,,,,,,,,,,,,,,,,,,,,,,,,,,,,,,,,,,13001005659,,,,,,,,,,,,,,,,,,,,,,,,,,,,,,,,,,,,,,,,,,,,,,,,,,,
,,,,北京盛世通关劳务服务有限公司,,,,,,,,,,,,,,,,,,,,,,,,,,,,,,,,,,,,13001005675,,,,,,,,,,,,,,,,,,,,,,,,,,,,,,,,,,,,,,,,,,,,,,,,,,,
,,,,北京通顺达盛农副产品销售中心,,,,,,,,,,,,,,,,,,,,,,,,,,,,,,,,,,,,13001005923,,,,,,,,,,,,,,,,,,,,,,,,,,,,,,,,,,,,,,,,,,,,,,,,,,,
,,,,北京科仕伟业环境控制设备有限公司,,,,,,,,,,,,,,,,,,,,,,,,,,,,,,,,,,,,13001006112,,,,,,,,,,,,,,,,,,,,,,,,,,,,,,,,,,,,,,,,,,,,,,,,,,,
,,,,北京小宝在线信息技术有限公司,,,,,,,,,,,,,,,,,,,,,,,,,,,,,,,,,,,,13001006186,,,,,,,,,,,,,,,,,,,,,,,,,,,,,,,,,,,,,,,,,,,,,,,,,,,
,,,,北京盛合精典广告有限公司,,,,,,,,,,,,,,,,,,,,,,,,,,,,,,,,,,,,13001006306,,,,,,,,,,,,,,,,,,,,,,,,,,,,,,,,,,,,,,,,,,,,,,,,,,,
,,,,北京龙腾泽江建材设备租赁有限公司,,,,,,,,,,,,,,,,,,,,,,,,,,,,,,,,,,,,13001006509,,,,,,,,,,,,,,,,,,,,,,,,,,,,,,,,,,,,,,,,,,,,,,,,,,,
,,,,北京通顺万康商贸有限公司,,,,,,,,,,,,,,,,,,,,,,,,,,,,,,,,,,,,13001006818,,,,,,,,,,,,,,,,,,,,,,,,,,,,,,,,,,,,,,,,,,,,,,,,,,,
,,,,北京中瑞广通投资顾问有限公司,,,,,,,,,,,,,,,,,,,,,,,,,,,,,,,,,,,,13001006836,,,,,,,,,,,,,,,,,,,,,,,,,,,,,,,,,,,,,,,,,,,,,,,,,,,
,,,,北京万利通置业有限公司,,,,,,,,,,,,,,,,,,,,,,,,,,,,,,,,,,,,13001006866,,,,,,,,,,,,,,,,,,,,,,,,,,,,,,,,,,,,,,,,,,,,,,,,,,,
,,,,北京润明轩信息咨询有限公司,,,,,,,,,,,,,,,,,,,,,,,,,,,,,,,,,,,,13001006991,,,,,,,,,,,,,,,,,,,,,,,,,,,,,,,,,,,,,,,,,,,,,,,,,,,
,,,,北京毅恒兴业科技发展有限公司,,,,,,,,,,,,,,,,,,,,,,,,,,,,,,,,,,,,13001007119,,,,,,,,,,,,,,,,,,,,,,,,,,,,,,,,,,,,,,,,,,,,,,,,,,,
,,,,北京佳航信电子有限公司,,,,,,,,,,,,,,,,,,,,,,,,,,,,,,,,,,,,13001007166,,,,,,,,,,,,,,,,,,,,,,,,,,,,,,,,,,,,,,,,,,,,,,,,,,,
,,,,北京引得文化发展有限公司,,,,,,,,,,,,,,,,,,,,,,,,,,,,,,,,,,,,13001007263,,,,,,,,,,,,,,,,,,,,,,,,,,,,,,,,,,,,,,,,,,,,,,,,,,,
,,,,北京北语假日旅游信息咨询服务中心,,,,,,,,,,,,,,,,,,,,,,,,,,,,,,,,,,,,13001007641,,,,,,,,,,,,,,,,,,,,,,,,,,,,,,,,,,,,,,,,,,,,,,,,,,,
,,,,北京和世绿荣科贸有限公司,,,,,,,,,,,,,,,,,,,,,,,,,,,,,,,,,,,,13001007762,,,,,,,,,,,,,,,,,,,,,,,,,,,,,,,,,,,,,,,,,,,,,,,,,,,
,,,,北京欣徙拆迁工程有限公司,,,,,,,,,,,,,,,,,,,,,,,,,,,,,,,,,,,,13001007925,,,,,,,,,,,,,,,,,,,,,,,,,,,,,,,,,,,,,,,,,,,,,,,,,,,
,,,,北京龙港利华商贸有限公司,,,,,,,,,,,,,,,,,,,,,,,,,,,,,,,,,,,,13001008086,,,,,,,,,,,,,,,,,,,,,,,,,,,,,,,,,,,,,,,,,,,,,,,,,,,
