,,,,宁波市海曙京成房产服务有限公司上海分公司,,,,,,,,,,,,,,,,,,,,,,,,,,,,,,,,,,,,13003710566,,,,,,,,,,,,,,,,,,,,,,,,,,,,,,,,,,,,,,,,,,,,,,,,,,,
,,,,宁波大榭开发区奥克发展有限公司,,,,,,,,,,,,,,,,,,,,,,,,,,,,,,,,,,,,13003714999,,,,,,,,,,,,,,,,,,,,,,,,,,,,,,,,,,,,,,,,,,,,,,,,,,,
,,,,宁波欣达建设项目管理有限公司,,,,,,,,,,,,,,,,,,,,,,,,,,,,,,,,,,,,13003732788,,,,,,,,,,,,,,,,,,,,,,,,,,,,,,,,,,,,,,,,,,,,,,,,,,,
,,,,宁波市中瑞工程造价咨询有限公司,,,,,,,,,,,,,,,,,,,,,,,,,,,,,,,,,,,,13003763291,,,,,,,,,,,,,,,,,,,,,,,,,,,,,,,,,,,,,,,,,,,,,,,,,,,
,,,,宁波嘉丰服饰有限公司上海分公司,,,,,,,,,,,,,,,,,,,,,,,,,,,,,,,,,,,,13004165558,,,,,,,,,,,,,,,,,,,,,,,,,,,,,,,,,,,,,,,,,,,,,,,,,,,
,,,,宁波日协电脑有限公司成都办事处,,,,,,,,,,,,,,,,,,,,,,,,,,,,,,,,,,,,13032809940,,,,,,,,,,,,,,,,,,,,,,,,,,,,,,,,,,,,,,,,,,,,,,,,,,,
,,,,宁波昆仑滨海酒店管理有限公司,,,,,,,,,,,,,,,,,,,,,,,,,,,,,,,,,,,,13056768069,,,,,,,,,,,,,,,,,,,,,,,,,,,,,,,,,,,,,,,,,,,,,,,,,,,
,,,,宁波大榭开发区信辉置业咨询有限公司,,,,,,,,,,,,,,,,,,,,,,,,,,,,,,,,,,,,13056937365,,,,,,,,,,,,,,,,,,,,,,,,,,,,,,,,,,,,,,,,,,,,,,,,,,,
,,,,宁波鑫旺餐饮管理有限公司,,,,,,,,,,,,,,,,,,,,,,,,,,,,,,,,,,,,13065625757,,,,,,,,,,,,,,,,,,,,,,,,,,,,,,,,,,,,,,,,,,,,,,,,,,,
,,,,宁波市鄞州丰华宾馆,,,,,,,,,,,,,,,,,,,,,,,,,,,,,,,,,,,,13065635446,,,,,,,,,,,,,,,,,,,,,,,,,,,,,,,,,,,,,,,,,,,,,,,,,,,
,,,,宁波豪莱投资发展有限公司,,,,,,,,,,,,,,,,,,,,,,,,,,,,,,,,,,,,13065641098,,,,,,,,,,,,,,,,,,,,,,,,,,,,,,,,,,,,,,,,,,,,,,,,,,,
,,,,上海万家货运代理有限公司宁波分公司,,,,,,,,,,,,,,,,,,,,,,,,,,,,,,,,,,,,13065676858,,,,,,,,,,,,,,,,,,,,,,,,,,,,,,,,,,,,,,,,,,,,,,,,,,,
,,,,上海安兴纸业有限公司宁波分公司,,,,,,,,,,,,,,,,,,,,,,,,,,,,,,,,,,,,13065681330,,,,,,,,,,,,,,,,,,,,,,,,,,,,,,,,,,,,,,,,,,,,,,,,,,,
,,,,宁波乾通进出口有限公司,,,,,,,,,,,,,,,,,,,,,,,,,,,,,,,,,,,,13065832059,,,,,,,,,,,,,,,,,,,,,,,,,,,,,,,,,,,,,,,,,,,,,,,,,,,
,,,,宁波威元新能源有限公司,,,,,,,,,,,,,,,,,,,,,,,,,,,,,,,,,,,,13095942008,,,,,,,,,,,,,,,,,,,,,,,,,,,,,,,,,,,,,,,,,,,,,,,,,,,
,,,,宁波大达化学有限公司驻武汉办事处,,,,,,,,,,,,,,,,,,,,,,,,,,,,,,,,,,,,13098800053,,,,,,,,,,,,,,,,,,,,,,,,,,,,,,,,,,,,,,,,,,,,,,,,,,,
,,,,上海甬港达实业有限公司宁波分公司,,,,,,,,,,,,,,,,,,,,,,,,,,,,,,,,,,,,13105540317,,,,,,,,,,,,,,,,,,,,,,,,,,,,,,,,,,,,,,,,,,,,,,,,,,,
,,,,宁波保税区杰瑞软件有限公司驻西安办事处,,,,,,,,,,,,,,,,,,,,,,,,,,,,,,,,,,,,13152093058,,,,,,,,,,,,,,,,,,,,,,,,,,,,,,,,,,,,,,,,,,,,,,,,,,,
,,,,宁波罗蒙制衣有限公司北京销售分公司,,,,,,,,,,,,,,,,,,,,,,,,,,,,,,,,,,,,13161675598,,,,,,,,,,,,,,,,,,,,,,,,,,,,,,,,,,,,,,,,,,,,,,,,,,,
,,,,宁波市金柏嘉酒店管理有限公司,,,,,,,,,,,,,,,,,,,,,,,,,,,,,,,,,,,,13251906070,,,,,,,,,,,,,,,,,,,,,,,,,,,,,,,,,,,,,,,,,,,,,,,,,,,
,,,,宁波宁鹰评估咨询有限公司,,,,,,,,,,,,,,,,,,,,,,,,,,,,,,,,,,,,13306619010,,,,,,,,,,,,,,,,,,,,,,,,,,,,,,,,,,,,,,,,,,,,,,,,,,,
,,,,宁波市北仑碧海山庄渔业有限公司,,,,,,,,,,,,,,,,,,,,,,,,,,,,,,,,,,,,13306693397,,,,,,,,,,,,,,,,,,,,,,,,,,,,,,,,,,,,,,,,,,,,,,,,,,,
,,,,上海振兴电梯安装工程有限公司宁波分公司,,,,,,,,,,,,,,,,,,,,,,,,,,,,,,,,,,,,13311695215,,,,,,,,,,,,,,,,,,,,,,,,,,,,,,,,,,,,,,,,,,,,,,,,,,,
,,,,宁波昌东股权投资合伙企业（有限合伙）,,,,,,,,,,,,,,,,,,,,,,,,,,,,,,,,,,,,13311721202,,,,,,,,,,,,,,,,,,,,,,,,,,,,,,,,,,,,,,,,,,,,,,,,,,,
,,,,宁波新兴达智能钢具有限公司天津分公司,,,,,,,,,,,,,,,,,,,,,,,,,,,,,,,,,,,,13323370779,,,,,,,,,,,,,,,,,,,,,,,,,,,,,,,,,,,,,,,,,,,,,,,,,,,
,,,,宁波华丰建设集团股份有限公司上海分公司,,,,,,,,,,,,,,,,,,,,,,,,,,,,,,,,,,,,13331851688,,,,,,,,,,,,,,,,,,,,,,,,,,,,,,,,,,,,,,,,,,,,,,,,,,,
,,,,上海一茶一坐餐饮有限公司宁波天一乐购店,,,,,,,,,,,,,,,,,,,,,,,,,,,,,,,,,,,,13336178712,,,,,,,,,,,,,,,,,,,,,,,,,,,,,,,,,,,,,,,,,,,,,,,,,,,
,,,,宁波捷达投资有限责任公司,,,,,,,,,,,,,,,,,,,,,,,,,,,,,,,,,,,,13336606626,,,,,,,,,,,,,,,,,,,,,,,,,,,,,,,,,,,,,,,,,,,,,,,,,,,
,,,,宁波市镇海真味堂餐饮管理有限公司,,,,,,,,,,,,,,,,,,,,,,,,,,,,,,,,,,,,13336660680,,,,,,,,,,,,,,,,,,,,,,,,,,,,,,,,,,,,,,,,,,,,,,,,,,,
,,,,宁波江东曙光小肥羊餐饮有限公司,,,,,,,,,,,,,,,,,,,,,,,,,,,,,,,,,,,,13355996117,,,,,,,,,,,,,,,,,,,,,,,,,,,,,,,,,,,,,,,,,,,,,,,,,,,
,,,,宁波宁兴特钢贸易有限公司上海分公司,,,,,,,,,,,,,,,,,,,,,,,,,,,,,,,,,,,,13357850996,,,,,,,,,,,,,,,,,,,,,,,,,,,,,,,,,,,,,,,,,,,,,,,,,,,
,,,,宁波市江北晋甬煤炭有限公司,,,,,,,,,,,,,,,,,,,,,,,,,,,,,,,,,,,,13358732307,,,,,,,,,,,,,,,,,,,,,,,,,,,,,,,,,,,,,,,,,,,,,,,,,,,
,,,,宁波银翔置业有限公司,,,,,,,,,,,,,,,,,,,,,,,,,,,,,,,,,,,,13362452668,,,,,,,,,,,,,,,,,,,,,,,,,,,,,,,,,,,,,,,,,,,,,,,,,,,
,,,,宁波鑫达货运有限公司上海分公司,,,,,,,,,,,,,,,,,,,,,,,,,,,,,,,,,,,,13422147614,,,,,,,,,,,,,,,,,,,,,,,,,,,,,,,,,,,,,,,,,,,,,,,,,,,
,,,,宁波大为旅游投资有限公司,,,,,,,,,,,,,,,,,,,,,,,,,,,,,,,,,,,,13429364252,,,,,,,,,,,,,,,,,,,,,,,,,,,,,,,,,,,,,,,,,,,,,,,,,,,
,,,,宁波派利尔电器有限公司,,,,,,,,,,,,,,,,,,,,,,,,,,,,,,,,,,,,13454737448,,,,,,,,,,,,,,,,,,,,,,,,,,,,,,,,,,,,,,,,,,,,,,,,,,,
,,,,宁波千和置业有限公司,,,,,,,,,,,,,,,,,,,,,,,,,,,,,,,,,,,,13484213139,,,,,,,,,,,,,,,,,,,,,,,,,,,,,,,,,,,,,,,,,,,,,,,,,,,
,,,,宁波锦坤厨房设备有限公司,,,,,,,,,,,,,,,,,,,,,,,,,,,,,,,,,,,,13486036425,,,,,,,,,,,,,,,,,,,,,,,,,,,,,,,,,,,,,,,,,,,,,,,,,,,
,,,,宁波兴华化学有限公司驻天津办事处,,,,,,,,,,,,,,,,,,,,,,,,,,,,,,,,,,,,13502033889,,,,,,,,,,,,,,,,,,,,,,,,,,,,,,,,,,,,,,,,,,,,,,,,,,,
,,,,宁波帝航国际物流有限公司,,,,,,,,,,,,,,,,,,,,,,,,,,,,,,,,,,,,13505747751,,,,,,,,,,,,,,,,,,,,,,,,,,,,,,,,,,,,,,,,,,,,,,,,,,,
,,,,宁波市科翔工程项目管理有限公司,,,,,,,,,,,,,,,,,,,,,,,,,,,,,,,,,,,,13505784606,,,,,,,,,,,,,,,,,,,,,,,,,,,,,,,,,,,,,,,,,,,,,,,,,,,
,,,,宁波江东兴海人家餐饮有限公司,,,,,,,,,,,,,,,,,,,,,,,,,,,,,,,,,,,,13506889692,,,,,,,,,,,,,,,,,,,,,,,,,,,,,,,,,,,,,,,,,,,,,,,,,,,
,,,,宁波现代建筑材料有限公司北京办事处,,,,,,,,,,,,,,,,,,,,,,,,,,,,,,,,,,,,13511020205,,,,,,,,,,,,,,,,,,,,,,,,,,,,,,,,,,,,,,,,,,,,,,,,,,,
,,,,宁波方讯机械科技有限公司,,,,,,,,,,,,,,,,,,,,,,,,,,,,,,,,,,,,13566059703,,,,,,,,,,,,,,,,,,,,,,,,,,,,,,,,,,,,,,,,,,,,,,,,,,,
,,,,宁波伊尔兰针织有限公司,,,,,,,,,,,,,,,,,,,,,,,,,,,,,,,,,,,,13566081561,,,,,,,,,,,,,,,,,,,,,,,,,,,,,,,,,,,,,,,,,,,,,,,,,,,
,,,,宁波恒隆新型材料有限公司,,,,,,,,,,,,,,,,,,,,,,,,,,,,,,,,,,,,13567451065,,,,,,,,,,,,,,,,,,,,,,,,,,,,,,,,,,,,,,,,,,,,,,,,,,,
,,,,宁波江东全雍城酒店管理咨询有限公司,,,,,,,,,,,,,,,,,,,,,,,,,,,,,,,,,,,,13586685619,,,,,,,,,,,,,,,,,,,,,,,,,,,,,,,,,,,,,,,,,,,,,,,,,,,
,,,,宁波江东佰宁食品配送有限公司,,,,,,,,,,,,,,,,,,,,,,,,,,,,,,,,,,,,13586740567,,,,,,,,,,,,,,,,,,,,,,,,,,,,,,,,,,,,,,,,,,,,,,,,,,,
,,,,宁波宁歆贸易股份有限公司,,,,,,,,,,,,,,,,,,,,,,,,,,,,,,,,,,,,13586798888,,,,,,,,,,,,,,,,,,,,,,,,,,,,,,,,,,,,,,,,,,,,,,,,,,,
,,,,宁波正大粮油实业有限公司南京办事处,,,,,,,,,,,,,,,,,,,,,,,,,,,,,,,,,,,,13586856780,,,,,,,,,,,,,,,,,,,,,,,,,,,,,,,,,,,,,,,,,,,,,,,,,,,
,,,,宁波永和豆浆店连锁管理有限公司桑田分公司,,,,,,,,,,,,,,,,,,,,,,,,,,,,,,,,,,,,13586910086,,,,,,,,,,,,,,,,,,,,,,,,,,,,,,,,,,,,,,,,,,,,,,,,,,,
,,,,宁波中林投资有限公司,,,,,,,,,,,,,,,,,,,,,,,,,,,,,,,,,,,,13588436420,,,,,,,,,,,,,,,,,,,,,,,,,,,,,,,,,,,,,,,,,,,,,,,,,,,
,,,,上海一钢物贸有限公司宁波大榭分公司,,,,,,,,,,,,,,,,,,,,,,,,,,,,,,,,,,,,13601790577,,,,,,,,,,,,,,,,,,,,,,,,,,,,,,,,,,,,,,,,,,,,,,,,,,,
,,,,宁波得力信置业有限公司,,,,,,,,,,,,,,,,,,,,,,,,,,,,,,,,,,,,13605885111,,,,,,,,,,,,,,,,,,,,,,,,,,,,,,,,,,,,,,,,,,,,,,,,,,,
,,,,宁波汉爵阳明大酒店有限公司,,,,,,,,,,,,,,,,,,,,,,,,,,,,,,,,,,,,13606748647,,,,,,,,,,,,,,,,,,,,,,,,,,,,,,,,,,,,,,,,,,,,,,,,,,,
,,,,宁波名汇中源酒店物业服务有限公司,,,,,,,,,,,,,,,,,,,,,,,,,,,,,,,,,,,,13615882065,,,,,,,,,,,,,,,,,,,,,,,,,,,,,,,,,,,,,,,,,,,,,,,,,,,
,,,,宁波弘益照明科技有限公司,,,,,,,,,,,,,,,,,,,,,,,,,,,,,,,,,,,,13626832143,,,,,,,,,,,,,,,,,,,,,,,,,,,,,,,,,,,,,,,,,,,,,,,,,,,
,,,,宁波烟机气动元件厂北京销售中心,,,,,,,,,,,,,,,,,,,,,,,,,,,,,,,,,,,,13683699138,,,,,,,,,,,,,,,,,,,,,,,,,,,,,,,,,,,,,,,,,,,,,,,,,,,
,,,,宁波南洋酒店用品制造有限公司北京厨具维修分公司,,,,,,,,,,,,,,,,,,,,,,,,,,,,,,,,,,,,13701332188,,,,,,,,,,,,,,,,,,,,,,,,,,,,,,,,,,,,,,,,,,,,,,,,,,,
,,,,宁波兴昌物流有限公司,,,,,,,,,,,,,,,,,,,,,,,,,,,,,,,,,,,,13705740333,,,,,,,,,,,,,,,,,,,,,,,,,,,,,,,,,,,,,,,,,,,,,,,,,,,
,,,,宁波市海曙竹林人家餐饮管理有限公司,,,,,,,,,,,,,,,,,,,,,,,,,,,,,,,,,,,,13705746737,,,,,,,,,,,,,,,,,,,,,,,,,,,,,,,,,,,,,,,,,,,,,,,,,,,
,,,,宁波维科新业成长一号创业投资合伙企业（有限合伙）,,,,,,,,,,,,,,,,,,,,,,,,,,,,,,,,,,,,13757113558,,,,,,,,,,,,,,,,,,,,,,,,,,,,,,,,,,,,,,,,,,,,,,,,,,,
,,,,宁波市弘昌投资有限公司,,,,,,,,,,,,,,,,,,,,,,,,,,,,,,,,,,,,13777114055,,,,,,,,,,,,,,,,,,,,,,,,,,,,,,,,,,,,,,,,,,,,,,,,,,,
,,,,宁波锦汇建设有限公司,,,,,,,,,,,,,,,,,,,,,,,,,,,,,,,,,,,,13777281868,,,,,,,,,,,,,,,,,,,,,,,,,,,,,,,,,,,,,,,,,,,,,,,,,,,
,,,,宁波江东时间酒店管理有限公司,,,,,,,,,,,,,,,,,,,,,,,,,,,,,,,,,,,,13777639888,,,,,,,,,,,,,,,,,,,,,,,,,,,,,,,,,,,,,,,,,,,,,,,,,,,
,,,,宁波市水云阁酒店管理有限公司,,,,,,,,,,,,,,,,,,,,,,,,,,,,,,,,,,,,13780008088,,,,,,,,,,,,,,,,,,,,,,,,,,,,,,,,,,,,,,,,,,,,,,,,,,,
,,,,宁波市北仑区大碶汉森茶饮店,,,,,,,,,,,,,,,,,,,,,,,,,,,,,,,,,,,,13780044145,,,,,,,,,,,,,,,,,,,,,,,,,,,,,,,,,,,,,,,,,,,,,,,,,,,
,,,,宁波美亚光电科技有限公司,,,,,,,,,,,,,,,,,,,,,,,,,,,,,,,,,,,,13780075060,,,,,,,,,,,,,,,,,,,,,,,,,,,,,,,,,,,,,,,,,,,,,,,,,,,
,,,,宁波北仑宏展酒店管理咨询有限公司,,,,,,,,,,,,,,,,,,,,,,,,,,,,,,,,,,,,13780080003,,,,,,,,,,,,,,,,,,,,,,,,,,,,,,,,,,,,,,,,,,,,,,,,,,,
,,,,宁波市鄞州膳好家餐饮管理有限公司,,,,,,,,,,,,,,,,,,,,,,,,,,,,,,,,,,,,13780089290,,,,,,,,,,,,,,,,,,,,,,,,,,,,,,,,,,,,,,,,,,,,,,,,,,,
,,,,上海开泰电梯工程有限公司宁波分公司,,,,,,,,,,,,,,,,,,,,,,,,,,,,,,,,,,,,13801821340,,,,,,,,,,,,,,,,,,,,,,,,,,,,,,,,,,,,,,,,,,,,,,,,,,,
,,,,宁波成路双马塑料机械制造有限公司驻天津办事处,,,,,,,,,,,,,,,,,,,,,,,,,,,,,,,,,,,,13803026658,,,,,,,,,,,,,,,,,,,,,,,,,,,,,,,,,,,,,,,,,,,,,,,,,,,
,,,,宁波金碟精密机械制造有限公司,,,,,,,,,,,,,,,,,,,,,,,,,,,,,,,,,,,,13805826188,,,,,,,,,,,,,,,,,,,,,,,,,,,,,,,,,,,,,,,,,,,,,,,,,,,
,,,,宁波联汉晟螺杆科技有限公司,,,,,,,,,,,,,,,,,,,,,,,,,,,,,,,,,,,,13805830892,,,,,,,,,,,,,,,,,,,,,,,,,,,,,,,,,,,,,,,,,,,,,,,,,,,
,,,,宁波瑞泰建设有限公司,,,,,,,,,,,,,,,,,,,,,,,,,,,,,,,,,,,,13805833512,,,,,,,,,,,,,,,,,,,,,,,,,,,,,,,,,,,,,,,,,,,,,,,,,,,
,,,,宁波菲祺国际贸易有限公司上海分公司,,,,,,,,,,,,,,,,,,,,,,,,,,,,,,,,,,,,13805863119,,,,,,,,,,,,,,,,,,,,,,,,,,,,,,,,,,,,,,,,,,,,,,,,,,,
,,,,宁波胜鹏运输工程有限公司,,,,,,,,,,,,,,,,,,,,,,,,,,,,,,,,,,,,13805879998,,,,,,,,,,,,,,,,,,,,,,,,,,,,,,,,,,,,,,,,,,,,,,,,,,,
,,,,宁波中冠工程造价事务所有限公司,,,,,,,,,,,,,,,,,,,,,,,,,,,,,,,,,,,,13806668025,,,,,,,,,,,,,,,,,,,,,,,,,,,,,,,,,,,,,,,,,,,,,,,,,,,
,,,,宁波荣安生物药业有限公司驻成都经济联络处,,,,,,,,,,,,,,,,,,,,,,,,,,,,,,,,,,,,13808082208,,,,,,,,,,,,,,,,,,,,,,,,,,,,,,,,,,,,,,,,,,,,,,,,,,,
,,,,宁波保税区明杰国际贸易有限公司南京办事处,,,,,,,,,,,,,,,,,,,,,,,,,,,,,,,,,,,,13813082063,,,,,,,,,,,,,,,,,,,,,,,,,,,,,,,,,,,,,,,,,,,,,,,,,,,
,,,,宁波雅戈尔服饰有限公司上海金山石化专卖店,,,,,,,,,,,,,,,,,,,,,,,,,,,,,,,,,,,,13816680846,,,,,,,,,,,,,,,,,,,,,,,,,,,,,,,,,,,,,,,,,,,,,,,,,,,
,,,,宁波引发绿色食品有限公司,,,,,,,,,,,,,,,,,,,,,,,,,,,,,,,,,,,,13819808657,,,,,,,,,,,,,,,,,,,,,,,,,,,,,,,,,,,,,,,,,,,,,,,,,,,
,,,,宁波经济技术开发区金湖湾经贸有限公司,,,,,,,,,,,,,,,,,,,,,,,,,,,,,,,,,,,,13857465610,,,,,,,,,,,,,,,,,,,,,,,,,,,,,,,,,,,,,,,,,,,,,,,,,,,
,,,,上海庭安消防安全工程有限公司宁波分公司,,,,,,,,,,,,,,,,,,,,,,,,,,,,,,,,,,,,13857488730,,,,,,,,,,,,,,,,,,,,,,,,,,,,,,,,,,,,,,,,,,,,,,,,,,,
,,,,宁波拓普机电进出口有限公司,,,,,,,,,,,,,,,,,,,,,,,,,,,,,,,,,,,,13858398026,,,,,,,,,,,,,,,,,,,,,,,,,,,,,,,,,,,,,,,,,,,,,,,,,,,
,,,,宁波海鲜世界酒店有限公司,,,,,,,,,,,,,,,,,,,,,,,,,,,,,,,,,,,,13884456870,,,,,,,,,,,,,,,,,,,,,,,,,,,,,,,,,,,,,,,,,,,,,,,,,,,
,,,,宁波万力达集团有限公司北京市销售分公司,,,,,,,,,,,,,,,,,,,,,,,,,,,,,,,,,,,,13901385773,,,,,,,,,,,,,,,,,,,,,,,,,,,,,,,,,,,,,,,,,,,,,,,,,,,
,,,,宁波正裕进出口有限公司上海分公司,,,,,,,,,,,,,,,,,,,,,,,,,,,,,,,,,,,,13901942106,,,,,,,,,,,,,,,,,,,,,,,,,,,,,,,,,,,,,,,,,,,,,,,,,,,
,,,,宁波市鄞州新林建筑防水涂料厂,,,,,,,,,,,,,,,,,,,,,,,,,,,,,,,,,,,,13905747324,,,,,,,,,,,,,,,,,,,,,,,,,,,,,,,,,,,,,,,,,,,,,,,,,,,
,,,,宁波今玮远洋渔业有限公司,,,,,,,,,,,,,,,,,,,,,,,,,,,,,,,,,,,,13906601065,,,,,,,,,,,,,,,,,,,,,,,,,,,,,,,,,,,,,,,,,,,,,,,,,,,
,,,,宁波通利好运电子实业发展有限公司,,,,,,,,,,,,,,,,,,,,,,,,,,,,,,,,,,,,13906608227,,,,,,,,,,,,,,,,,,,,,,,,,,,,,,,,,,,,,,,,,,,,,,,,,,,
,,,,宁波市大江旺业机电有限公司,,,,,,,,,,,,,,,,,,,,,,,,,,,,,,,,,,,,13906611629,,,,,,,,,,,,,,,,,,,,,,,,,,,,,,,,,,,,,,,,,,,,,,,,,,,
,,,,宁波国咨工程造价咨询有限公司,,,,,,,,,,,,,,,,,,,,,,,,,,,,,,,,,,,,13906680157,,,,,,,,,,,,,,,,,,,,,,,,,,,,,,,,,,,,,,,,,,,,,,,,,,,
,,,,宁波锦华数控机床有限公司,,,,,,,,,,,,,,,,,,,,,,,,,,,,,,,,,,,,13906680428,,,,,,,,,,,,,,,,,,,,,,,,,,,,,,,,,,,,,,,,,,,,,,,,,,,
,,,,宁波市海曙美地亚宾馆有限公司,,,,,,,,,,,,,,,,,,,,,,,,,,,,,,,,,,,,13906683662,,,,,,,,,,,,,,,,,,,,,,,,,,,,,,,,,,,,,,,,,,,,,,,,,,,
,,,,宁波海曙南翔馒头店有限公司,,,,,,,,,,,,,,,,,,,,,,,,,,,,,,,,,,,,13906684964,,,,,,,,,,,,,,,,,,,,,,,,,,,,,,,,,,,,,,,,,,,,,,,,,,,
,,,,宁波海曙中林餐饮管理有限公司,,,,,,,,,,,,,,,,,,,,,,,,,,,,,,,,,,,,13906685004,,,,,,,,,,,,,,,,,,,,,,,,,,,,,,,,,,,,,,,,,,,,,,,,,,,
,,,,宁波鑫远市政预制构件有限公司,,,,,,,,,,,,,,,,,,,,,,,,,,,,,,,,,,,,13906688639,,,,,,,,,,,,,,,,,,,,,,,,,,,,,,,,,,,,,,,,,,,,,,,,,,,
,,,,宁波恒逸实业有限公司,,,,,,,,,,,,,,,,,,,,,,,,,,,,,,,,,,,,13906719903,,,,,,,,,,,,,,,,,,,,,,,,,,,,,,,,,,,,,,,,,,,,,,,,,,,
,,,,宁波音佳通信设备有限公司,,,,,,,,,,,,,,,,,,,,,,,,,,,,,,,,,,,,13906741508,,,,,,,,,,,,,,,,,,,,,,,,,,,,,,,,,,,,,,,,,,,,,,,,,,,
,,,,宁波市炫耀进出口有限公司,,,,,,,,,,,,,,,,,,,,,,,,,,,,,,,,,,,,13906743898,,,,,,,,,,,,,,,,,,,,,,,,,,,,,,,,,,,,,,,,,,,,,,,,,,,
,,,,宁波启明电源有限公司北京分公司,,,,,,,,,,,,,,,,,,,,,,,,,,,,,,,,,,,,13910405554,,,,,,,,,,,,,,,,,,,,,,,,,,,,,,,,,,,,,,,,,,,,,,,,,,,
,,,,宁波海曙太和餐饮服务有限公司北京分公司,,,,,,,,,,,,,,,,,,,,,,,,,,,,,,,,,,,,13911688267,,,,,,,,,,,,,,,,,,,,,,,,,,,,,,,,,,,,,,,,,,,,,,,,,,,
,,,,宁波天安（集团）股份有限公司天津分公司,,,,,,,,,,,,,,,,,,,,,,,,,,,,,,,,,,,,13920430330,,,,,,,,,,,,,,,,,,,,,,,,,,,,,,,,,,,,,,,,,,,,,,,,,,,
,,,,宁波现代建筑材料有限公司沈阳分公司,,,,,,,,,,,,,,,,,,,,,,,,,,,,,,,,,,,,13940029999,,,,,,,,,,,,,,,,,,,,,,,,,,,,,,,,,,,,,,,,,,,,,,,,,,,
,,,,宁波奇胜机械有限公司辽宁健身器材分公司 024-13940164648,,,,,,,,,,,,,,,,,,,,,,,,,,,,,,,,,,,,13940164648,,,,,,,,,,,,,,,,,,,,,,,,,,,,,,,,,,,,,,,,,,,,,,,,,,,
,,,,宁波益家乐餐饮服务有限公司,,,,,,,,,,,,,,,,,,,,,,,,,,,,,,,,,,,,13957444567,,,,,,,,,,,,,,,,,,,,,,,,,,,,,,,,,,,,,,,,,,,,,,,,,,,
,,,,宁波市宝鸿机械有限公司,,,,,,,,,,,,,,,,,,,,,,,,,,,,,,,,,,,,13957811818,,,,,,,,,,,,,,,,,,,,,,,,,,,,,,,,,,,,,,,,,,,,,,,,,,,
,,,,宁波艾维实业有限公司,,,,,,,,,,,,,,,,,,,,,,,,,,,,,,,,,,,,13957862885,,,,,,,,,,,,,,,,,,,,,,,,,,,,,,,,,,,,,,,,,,,,,,,,,,,
,,,,宁波市鄞州元和不锈钢有限公司,,,,,,,,,,,,,,,,,,,,,,,,,,,,,,,,,,,,13957898166,,,,,,,,,,,,,,,,,,,,,,,,,,,,,,,,,,,,,,,,,,,,,,,,,,,
,,,,宁波五合置业有限公司,,,,,,,,,,,,,,,,,,,,,,,,,,,,,,,,,,,,13958218388,,,,,,,,,,,,,,,,,,,,,,,,,,,,,,,,,,,,,,,,,,,,,,,,,,,
,,,,宁波世邦酒店管理有限公司,,,,,,,,,,,,,,,,,,,,,,,,,,,,,,,,,,,,13967828280,,,,,,,,,,,,,,,,,,,,,,,,,,,,,,,,,,,,,,,,,,,,,,,,,,,
,,,,宁波嘉悦新城投资有限公司,,,,,,,,,,,,,,,,,,,,,,,,,,,,,,,,,,,,13967895051,,,,,,,,,,,,,,,,,,,,,,,,,,,,,,,,,,,,,,,,,,,,,,,,,,,
,,,,宁波汉鼎进出口有限公司,,,,,,,,,,,,,,,,,,,,,,,,,,,,,,,,,,,,13967896725,,,,,,,,,,,,,,,,,,,,,,,,,,,,,,,,,,,,,,,,,,,,,,,,,,,
,,,,宁波方太厨具有限公司上海分公司,,,,,,,,,,,,,,,,,,,,,,,,,,,,,,,,,,,,13968292639,,,,,,,,,,,,,,,,,,,,,,,,,,,,,,,,,,,,,,,,,,,,,,,,,,,
,,,,宁波龙湖置业发展有限公司,,,,,,,,,,,,,,,,,,,,,,,,,,,,,,,,,,,,13980036419,,,,,,,,,,,,,,,,,,,,,,,,,,,,,,,,,,,,,,,,,,,,,,,,,,,
,,,,宁波旺翔餐饮管理有限公司,,,,,,,,,,,,,,,,,,,,,,,,,,,,,,,,,,,,15168506035,,,,,,,,,,,,,,,,,,,,,,,,,,,,,,,,,,,,,,,,,,,,,,,,,,,
,,,,宁波同期国际贸易有限公司,,,,,,,,,,,,,,,,,,,,,,,,,,,,,,,,,,,,15257425698,,,,,,,,,,,,,,,,,,,,,,,,,,,,,,,,,,,,,,,,,,,,,,,,,,,
,,,,宁波矢豪汽车部件有限公司,,,,,,,,,,,,,,,,,,,,,,,,,,,,,,,,,,,,15258286627,,,,,,,,,,,,,,,,,,,,,,,,,,,,,,,,,,,,,,,,,,,,,,,,,,,
,,,,宁波家饰天下家居用品有限公司,,,,,,,,,,,,,,,,,,,,,,,,,,,,,,,,,,,,15557028799,,,,,,,,,,,,,,,,,,,,,,,,,,,,,,,,,,,,,,,,,,,,,,,,,,,
,,,,宁波慈捷投资有限公司,,,,,,,,,,,,,,,,,,,,,,,,,,,,,,,,,,,,15869569839,,,,,,,,,,,,,,,,,,,,,,,,,,,,,,,,,,,,,,,,,,,,,,,,,,,
,,,,宁波帝宝交通器材有限公司,,,,,,,,,,,,,,,,,,,,,,,,,,,,,,,,,,,,15888029448,,,,,,,,,,,,,,,,,,,,,,,,,,,,,,,,,,,,,,,,,,,,,,,,,,,
,,,,宁波市江东尚维家居用品有限公司,,,,,,,,,,,,,,,,,,,,,,,,,,,,,,,,,,,,15888038688,,,,,,,,,,,,,,,,,,,,,,,,,,,,,,,,,,,,,,,,,,,,,,,,,,,
,,,,宁波荣捷特机械制造有限公司,,,,,,,,,,,,,,,,,,,,,,,,,,,,,,,,,,,,15888039996,,,,,,,,,,,,,,,,,,,,,,,,,,,,,,,,,,,,,,,,,,,,,,,,,,,
,,,,宁波市喜洋洋酒店管理有限公司,,,,,,,,,,,,,,,,,,,,,,,,,,,,,,,,,,,,15958281888,,,,,,,,,,,,,,,,,,,,,,,,,,,,,,,,,,,,,,,,,,,,,,,,,,,
,,,,宁波保税区老班长餐饮管理有限公司,,,,,,,,,,,,,,,,,,,,,,,,,,,,,,,,,,,,15968966081,,,,,,,,,,,,,,,,,,,,,,,,,,,,,,,,,,,,,,,,,,,,,,,,,,,
,,,,宁波月月鑫国际贸易有限公司,,,,,,,,,,,,,,,,,,,,,,,,,,,,,,,,,,,,15990286111,,,,,,,,,,,,,,,,,,,,,,,,,,,,,,,,,,,,,,,,,,,,,,,,,,,
,,,,宁波德盛锂电池有限公司,,,,,,,,,,,,,,,,,,,,,,,,,,,,,,,,,,,,18657480822,,,,,,,,,,,,,,,,,,,,,,,,,,,,,,,,,,,,,,,,,,,,,,,,,,,
,,,,宁波钟志国际贸易有限公司,,,,,,,,,,,,,,,,,,,,,,,,,,,,,,,,,,,,18657499265,,,,,,,,,,,,,,,,,,,,,,,,,,,,,,,,,,,,,,,,,,,,,,,,,,,
,,,,宁波市鄞州黑钻菲酒店管理咨询有限公司,,,,,,,,,,,,,,,,,,,,,,,,,,,,,,,,,,,,18868674088,,,,,,,,,,,,,,,,,,,,,,,,,,,,,,,,,,,,,,,,,,,,,,,,,,,
,,,,宁波市北仑邻家厨房餐饮管理有限公司,,,,,,,,,,,,,,,,,,,,,,,,,,,,,,,,,,,,18906690189,,,,,,,,,,,,,,,,,,,,,,,,,,,,,,,,,,,,,,,,,,,,,,,,,,,
,,,,宁波市鄞州飞鸟豫言商贸有限公司,,,,,,,,,,,,,,,,,,,,,,,,,,,,,,,,,,,,18957816995,,,,,,,,,,,,,,,,,,,,,,,,,,,,,,,,,,,,,,,,,,,,,,,,,,,
,,,,宁波鸿凯商贸有限公司,,,,,,,,,,,,,,,,,,,,,,,,,,,,,,,,,,,,18967887101,,,,,,,,,,,,,,,,,,,,,,,,,,,,,,,,,,,,,,,,,,,,,,,,,,,
,,,,宁波万华石化投资有限公司,,,,,,,,,,,,,,,,,,,,,,,,,,,,,,,,,,,,18968391276,,,,,,,,,,,,,,,,,,,,,,,,,,,,,,,,,,,,,,,,,,,,,,,,,,,
,,,,宁波海曙君翔工贸有限公司,,,,,,,,,,,,,,,,,,,,,,,,,,,,,,,,,,,,13056915622,,,,,,,,,,,,,,,,,,,,,,,,,,,,,,,,,,,,,,,,,,,,,,,,,,,
,,,,宁波鼎泰机床有限公司,,,,,,,,,,,,,,,,,,,,,,,,,,,,,,,,,,,,13082928899,,,,,,,,,,,,,,,,,,,,,,,,,,,,,,,,,,,,,,,,,,,,,,,,,,,
,,,,宁波美净康环境科技有限公司,,,,,,,,,,,,,,,,,,,,,,,,,,,,,,,,,,,,13093766622,,,,,,,,,,,,,,,,,,,,,,,,,,,,,,,,,,,,,,,,,,,,,,,,,,,
,,,,宁波市鄞州立捷数控机床有限公司,,,,,,,,,,,,,,,,,,,,,,,,,,,,,,,,,,,,13221897088,,,,,,,,,,,,,,,,,,,,,,,,,,,,,,,,,,,,,,,,,,,,,,,,,,,
,,,,宁波中原机床有限公司（北京办事处）,,,,,,,,,,,,,,,,,,,,,,,,,,,,,,,,,,,,13241403403,,,,,,,,,,,,,,,,,,,,,,,,,,,,,,,,,,,,,,,,,,,,,,,,,,,
,,,,宁波四方机电有限公司,,,,,,,,,,,,,,,,,,,,,,,,,,,,,,,,,,,,13306664040,,,,,,,,,,,,,,,,,,,,,,,,,,,,,,,,,,,,,,,,,,,,,,,,,,,
,,,,宁波锦帝机床制造有限公司_全自动仪表车床_全自动双头倒角机,,,,,,,,,,,,,,,,,,,,,,,,,,,,,,,,,,,,13336877386,,,,,,,,,,,,,,,,,,,,,,,,,,,,,,,,,,,,,,,,,,,,,,,,,,,
,,,,宁波善恩机床有限公司,,,,,,,,,,,,,,,,,,,,,,,,,,,,,,,,,,,,13353391356,,,,,,,,,,,,,,,,,,,,,,,,,,,,,,,,,,,,,,,,,,,,,,,,,,,
,,,,宁波经济技术开发区高嘉贸易有限公司,,,,,,,,,,,,,,,,,,,,,,,,,,,,,,,,,,,,13362323635,,,,,,,,,,,,,,,,,,,,,,,,,,,,,,,,,,,,,,,,,,,,,,,,,,,
,,,,宁波海曙建德精密机床有限公司,,,,,,,,,,,,,,,,,,,,,,,,,,,,,,,,,,,,13386605906,,,,,,,,,,,,,,,,,,,,,,,,,,,,,,,,,,,,,,,,,,,,,,,,,,,
,,,,宁波市鄞州迅腾电器有限公司,,,,,,,,,,,,,,,,,,,,,,,,,,,,,,,,,,,,13386679392,,,,,,,,,,,,,,,,,,,,,,,,,,,,,,,,,,,,,,,,,,,,,,,,,,,
,,,,宁波市江东财通五金机电设备有限公司,,,,,,,,,,,,,,,,,,,,,,,,,,,,,,,,,,,,13396699606,,,,,,,,,,,,,,,,,,,,,,,,,,,,,,,,,,,,,,,,,,,,,,,,,,,
,,,,宁波高新区亚瑟电子商务有限公司,,,,,,,,,,,,,,,,,,,,,,,,,,,,,,,,,,,,13429360565,,,,,,,,,,,,,,,,,,,,,,,,,,,,,,,,,,,,,,,,,,,,,,,,,,,
,,,,宁波市耀马工艺品有限公司,,,,,,,,,,,,,,,,,,,,,,,,,,,,,,,,,,,,13486436879,,,,,,,,,,,,,,,,,,,,,,,,,,,,,,,,,,,,,,,,,,,,,,,,,,,
,,,,宁波粤海威力电器有限公司,,,,,,,,,,,,,,,,,,,,,,,,,,,,,,,,,,,,13486668884,,,,,,,,,,,,,,,,,,,,,,,,,,,,,,,,,,,,,,,,,,,,,,,,,,,
,,,,宁波虎将数控机床维修中心,,,,,,,,,,,,,,,,,,,,,,,,,,,,,,,,,,,,13566045201,,,,,,,,,,,,,,,,,,,,,,,,,,,,,,,,,,,,,,,,,,,,,,,,,,,
,,,,浙江玉环县精盾数控机床有限公司（原精丰数控宁波办事处）,,,,,,,,,,,,,,,,,,,,,,,,,,,,,,,,,,,,13567466014,,,,,,,,,,,,,,,,,,,,,,,,,,,,,,,,,,,,,,,,,,,,,,,,,,,
,,,,宁波市江东点集家居有限公司,,,,,,,,,,,,,,,,,,,,,,,,,,,,,,,,,,,,13567802000,,,,,,,,,,,,,,,,,,,,,,,,,,,,,,,,,,,,,,,,,,,,,,,,,,,
,,,,宁波鼎丰机床有限公司,,,,,,,,,,,,,,,,,,,,,,,,,,,,,,,,,,,,13567886047,,,,,,,,,,,,,,,,,,,,,,,,,,,,,,,,,,,,,,,,,,,,,,,,,,,
,,,,宁波旭达机床制造公司,,,,,,,,,,,,,,,,,,,,,,,,,,,,,,,,,,,,13605746982,,,,,,,,,,,,,,,,,,,,,,,,,,,,,,,,,,,,,,,,,,,,,,,,,,,
,,,,宁波恒峰数控机床有限公司,,,,,,,,,,,,,,,,,,,,,,,,,,,,,,,,,,,,13606587858,,,,,,,,,,,,,,,,,,,,,,,,,,,,,,,,,,,,,,,,,,,,,,,,,,,
,,,,宁波华盛鑫泰机床有限公司,,,,,,,,,,,,,,,,,,,,,,,,,,,,,,,,,,,,13685851403,,,,,,,,,,,,,,,,,,,,,,,,,,,,,,,,,,,,,,,,,,,,,,,,,,,
,,,,宁波华蒴机床附件有限公司,,,,,,,,,,,,,,,,,,,,,,,,,,,,,,,,,,,,13685854892,,,,,,,,,,,,,,,,,,,,,,,,,,,,,,,,,,,,,,,,,,,,,,,,,,,
,,,,宁波市镇海江天轴承厂,,,,,,,,,,,,,,,,,,,,,,,,,,,,,,,,,,,,13706840797,,,,,,,,,,,,,,,,,,,,,,,,,,,,,,,,,,,,,,,,,,,,,,,,,,,
,,,,宁波澳玛特高精冲压机床有限公司广东分公司,,,,,,,,,,,,,,,,,,,,,,,,,,,,,,,,,,,,13728688895,,,,,,,,,,,,,,,,,,,,,,,,,,,,,,,,,,,,,,,,,,,,,,,,,,,
,,,,宁波中原机床有限公司,,,,,,,,,,,,,,,,,,,,,,,,,,,,,,,,,,,,13736094056,,,,,,,,,,,,,,,,,,,,,,,,,,,,,,,,,,,,,,,,,,,,,,,,,,,
,,,,宁波庞大机床附件有限公司,,,,,,,,,,,,,,,,,,,,,,,,,,,,,,,,,,,,13736185516,,,,,,,,,,,,,,,,,,,,,,,,,,,,,,,,,,,,,,,,,,,,,,,,,,,
,,,,宁波中德机床股份有限公司,,,,,,,,,,,,,,,,,,,,,,,,,,,,,,,,,,,,13777089869,,,,,,,,,,,,,,,,,,,,,,,,,,,,,,,,,,,,,,,,,,,,,,,,,,,
,,,,宁波市江北深奥数控机床有限公司,,,,,,,,,,,,,,,,,,,,,,,,,,,,,,,,,,,,13777116533,,,,,,,,,,,,,,,,,,,,,,,,,,,,,,,,,,,,,,,,,,,,,,,,,,,
,,,,宁波铁骏机床有限公司,,,,,,,,,,,,,,,,,,,,,,,,,,,,,,,,,,,,13777838707,,,,,,,,,,,,,,,,,,,,,,,,,,,,,,,,,,,,,,,,,,,,,,,,,,,
,,,,宁波恒威数控机床有限公司慈溪办事处,,,,,,,,,,,,,,,,,,,,,,,,,,,,,,,,,,,,13777989393,,,,,,,,,,,,,,,,,,,,,,,,,,,,,,,,,,,,,,,,,,,,,,,,,,,
,,,,宁波智富贸易有限公司,,,,,,,,,,,,,,,,,,,,,,,,,,,,,,,,,,,,13780087711,,,,,,,,,,,,,,,,,,,,,,,,,,,,,,,,,,,,,,,,,,,,,,,,,,,
,,,,宁波万佳数控机床制造有限公司,,,,,,,,,,,,,,,,,,,,,,,,,,,,,,,,,,,,13806641246,,,,,,,,,,,,,,,,,,,,,,,,,,,,,,,,,,,,,,,,,,,,,,,,,,,
,,,,宁波鄞州远山机床工具厂,,,,,,,,,,,,,,,,,,,,,,,,,,,,,,,,,,,,13816165548,,,,,,,,,,,,,,,,,,,,,,,,,,,,,,,,,,,,,,,,,,,,,,,,,,,
,,,,宁波速控机床销售中心,,,,,,,,,,,,,,,,,,,,,,,,,,,,,,,,,,,,13930753869,,,,,,,,,,,,,,,,,,,,,,,,,,,,,,,,,,,,,,,,,,,,,,,,,,,
,,,,宁波正舜电器工贸有限公司,,,,,,,,,,,,,,,,,,,,,,,,,,,,,,,,,,,,13957705700,,,,,,,,,,,,,,,,,,,,,,,,,,,,,,,,,,,,,,,,,,,,,,,,,,,
,,,,宁波市鄞州远山机床工具厂,,,,,,,,,,,,,,,,,,,,,,,,,,,,,,,,,,,,13967879306,,,,,,,,,,,,,,,,,,,,,,,,,,,,,,,,,,,,,,,,,,,,,,,,,,,
,,,,宁波市中蕾机械公司,,,,,,,,,,,,,,,,,,,,,,,,,,,,,,,,,,,,13989350384,,,,,,,,,,,,,,,,,,,,,,,,,,,,,,,,,,,,,,,,,,,,,,,,,,,
,,,,宁波欧松机床销售有限公司,,,,,,,,,,,,,,,,,,,,,,,,,,,,,,,,,,,,15058850009,,,,,,,,,,,,,,,,,,,,,,,,,,,,,,,,,,,,,,,,,,,,,,,,,,,
,,,,宁波太平鸟股份有限公司,,,,,,,,,,,,,,,,,,,,,,,,,,,,,,,,,,,,15067427881,,,,,,,,,,,,,,,,,,,,,,,,,,,,,,,,,,,,,,,,,,,,,,,,,,,
,,,,宁波市木仑贸易有限公司,,,,,,,,,,,,,,,,,,,,,,,,,,,,,,,,,,,,15067434818,,,,,,,,,,,,,,,,,,,,,,,,,,,,,,,,,,,,,,,,,,,,,,,,,,,
,,,,宁波江北盛冲锻压机床有限公司,,,,,,,,,,,,,,,,,,,,,,,,,,,,,,,,,,,,15067455865,,,,,,,,,,,,,,,,,,,,,,,,,,,,,,,,,,,,,,,,,,,,,,,,,,,
,,,,宁波北仑首业服饰有限公司,,,,,,,,,,,,,,,,,,,,,,,,,,,,,,,,,,,,15157716036,,,,,,,,,,,,,,,,,,,,,,,,,,,,,,,,,,,,,,,,,,,,,,,,,,,
,,,,宁波欧琳网络科技有限公司,,,,,,,,,,,,,,,,,,,,,,,,,,,,,,,,,,,,15205745030,,,,,,,,,,,,,,,,,,,,,,,,,,,,,,,,,,,,,,,,,,,,,,,,,,,
,,,,宁波市江北巨威机床经营部,,,,,,,,,,,,,,,,,,,,,,,,,,,,,,,,,,,,15212375699,,,,,,,,,,,,,,,,,,,,,,,,,,,,,,,,,,,,,,,,,,,,,,,,,,,
,,,,宁波机床维修,,,,,,,,,,,,,,,,,,,,,,,,,,,,,,,,,,,,15258304114,,,,,,,,,,,,,,,,,,,,,,,,,,,,,,,,,,,,,,,,,,,,,,,,,,,
,,,,宁波北仑西街哈酷贸易有限公司,,,,,,,,,,,,,,,,,,,,,,,,,,,,,,,,,,,,15267121800,,,,,,,,,,,,,,,,,,,,,,,,,,,,,,,,,,,,,,,,,,,,,,,,,,,
,,,,宁波恒力数控机床有限公司,,,,,,,,,,,,,,,,,,,,,,,,,,,,,,,,,,,,15372608691,,,,,,,,,,,,,,,,,,,,,,,,,,,,,,,,,,,,,,,,,,,,,,,,,,,
,,,,宁波海曙蕴秀堂贸易有限公司,,,,,,,,,,,,,,,,,,,,,,,,,,,,,,,,,,,,15669110571,,,,,,,,,,,,,,,,,,,,,,,,,,,,,,,,,,,,,,,,,,,,,,,,,,,
,,,,宁波市镇海银诚金属制品有限公司,,,,,,,,,,,,,,,,,,,,,,,,,,,,,,,,,,,,15825588778,,,,,,,,,,,,,,,,,,,,,,,,,,,,,,,,,,,,,,,,,,,,,,,,,,,
,,,,宁波万脉智能科技有限公司,,,,,,,,,,,,,,,,,,,,,,,,,,,,,,,,,,,,15869313538,,,,,,,,,,,,,,,,,,,,,,,,,,,,,,,,,,,,,,,,,,,,,,,,,,,
,,,,宁波海曙食客骐远国际贸易有限公司,,,,,,,,,,,,,,,,,,,,,,,,,,,,,,,,,,,,15869362919,,,,,,,,,,,,,,,,,,,,,,,,,,,,,,,,,,,,,,,,,,,,,,,,,,,
,,,,宁波金凯机床,,,,,,,,,,,,,,,,,,,,,,,,,,,,,,,,,,,,15888084263,,,,,,,,,,,,,,,,,,,,,,,,,,,,,,,,,,,,,,,,,,,,,,,,,,,
,,,,宁波澳玛特高精冲压机床股份有限公司（天津办）,,,,,,,,,,,,,,,,,,,,,,,,,,,,,,,,,,,,15900333788,,,,,,,,,,,,,,,,,,,,,,,,,,,,,,,,,,,,,,,,,,,,,,,,,,,
,,,,宁波琳达网络科技有限公司,,,,,,,,,,,,,,,,,,,,,,,,,,,,,,,,,,,,15968034941,,,,,,,,,,,,,,,,,,,,,,,,,,,,,,,,,,,,,,,,,,,,,,,,,,,
,,,,宁波澳玛特高精冲压机床股份有限公司,,,,,,,,,,,,,,,,,,,,,,,,,,,,,,,,,,,,15969861810,,,,,,,,,,,,,,,,,,,,,,,,,,,,,,,,,,,,,,,,,,,,,,,,,,,
,,,,宁波锦泰机床制造有限公司,,,,,,,,,,,,,,,,,,,,,,,,,,,,,,,,,,,,15988616736,,,,,,,,,,,,,,,,,,,,,,,,,,,,,,,,,,,,,,,,,,,,,,,,,,,
,,,,宁波力顺继电器有限公司,,,,,,,,,,,,,,,,,,,,,,,,,,,,,,,,,,,,18058200045,,,,,,,,,,,,,,,,,,,,,,,,,,,,,,,,,,,,,,,,,,,,,,,,,,,
,,,,宁波市北仑区新碶王会娜服装网店,,,,,,,,,,,,,,,,,,,,,,,,,,,,,,,,,,,,18268286320,,,,,,,,,,,,,,,,,,,,,,,,,,,,,,,,,,,,,,,,,,,,,,,,,,,
,,,,宁波高新区浩然电子商务有限公司,,,,,,,,,,,,,,,,,,,,,,,,,,,,,,,,,,,,18268848950,,,,,,,,,,,,,,,,,,,,,,,,,,,,,,,,,,,,,,,,,,,,,,,,,,,
,,,,宁波锡东机床厂,,,,,,,,,,,,,,,,,,,,,,,,,,,,,,,,,,,,18367467446,,,,,,,,,,,,,,,,,,,,,,,,,,,,,,,,,,,,,,,,,,,,,,,,,,,
,,,,宁波华正机床销售有限公司(绍兴上虞办),,,,,,,,,,,,,,,,,,,,,,,,,,,,,,,,,,,,18605757367,,,,,,,,,,,,,,,,,,,,,,,,,,,,,,,,,,,,,,,,,,,,,,,,,,,
,,,,宁波高新区潮柜服饰有限公司,,,,,,,,,,,,,,,,,,,,,,,,,,,,,,,,,,,,18605880551,,,,,,,,,,,,,,,,,,,,,,,,,,,,,,,,,,,,,,,,,,,,,,,,,,,
,,,,宁波海曙翰林工艺品有限公司,,,,,,,,,,,,,,,,,,,,,,,,,,,,,,,,,,,,18658441756,,,,,,,,,,,,,,,,,,,,,,,,,,,,,,,,,,,,,,,,,,,,,,,,,,,
,,,,宁波豪立车业有限公司,,,,,,,,,,,,,,,,,,,,,,,,,,,,,,,,,,,,18658456599,,,,,,,,,,,,,,,,,,,,,,,,,,,,,,,,,,,,,,,,,,,,,,,,,,,
,,,,宁波镇海众鑫数控机床厂,,,,,,,,,,,,,,,,,,,,,,,,,,,,,,,,,,,,18768517179,,,,,,,,,,,,,,,,,,,,,,,,,,,,,,,,,,,,,,,,,,,,,,,,,,,
,,,,宁波市机床维修服务中心,,,,,,,,,,,,,,,,,,,,,,,,,,,,,,,,,,,,18858061165,,,,,,,,,,,,,,,,,,,,,,,,,,,,,,,,,,,,,,,,,,,,,,,,,,,
,,,,沃佳机床(宁波办事处),,,,,,,,,,,,,,,,,,,,,,,,,,,,,,,,,,,,18867871868,,,,,,,,,,,,,,,,,,,,,,,,,,,,,,,,,,,,,,,,,,,,,,,,,,,
,,,,宁波市镇海铭光机械制造有限公司,,,,,,,,,,,,,,,,,,,,,,,,,,,,,,,,,,,,18868936549,,,,,,,,,,,,,,,,,,,,,,,,,,,,,,,,,,,,,,,,,,,,,,,,,,,
,,,,宁波市鄞州横溪牛仔部落服装店,,,,,,,,,,,,,,,,,,,,,,,,,,,,,,,,,,,,18968252501,,,,,,,,,,,,,,,,,,,,,,,,,,,,,,,,,,,,,,,,,,,,,,,,,,,
,,,,浙江宁波艳丽多家纺公司,,,,,,,,,,,,,,,,,,,,,,,,,,,,,,,,,,,,13103738793,,,,,,,,,,,,,,,,,,,,,,,,,,,,,,,,,,,,,,,,,,,,,,,,,,,
,,,,宁波科美电器有限公司,,,,,,,,,,,,,,,,,,,,,,,,,,,,,,,,,,,,13175165665,,,,,,,,,,,,,,,,,,,,,,,,,,,,,,,,,,,,,,,,,,,,,,,,,,,
,,,,宁波市江北兴丰家居用品有限公司,,,,,,,,,,,,,,,,,,,,,,,,,,,,,,,,,,,,13252449119,,,,,,,,,,,,,,,,,,,,,,,,,,,,,,,,,,,,,,,,,,,,,,,,,,,
,,,,宁波市北仑区大碶康泰办公家具厂,,,,,,,,,,,,,,,,,,,,,,,,,,,,,,,,,,,,13285740574,,,,,,,,,,,,,,,,,,,,,,,,,,,,,,,,,,,,,,,,,,,,,,,,,,,
,,,,宁波光程物资有限公司,,,,,,,,,,,,,,,,,,,,,,,,,,,,,,,,,,,,13296696692,,,,,,,,,,,,,,,,,,,,,,,,,,,,,,,,,,,,,,,,,,,,,,,,,,,
,,,,宁波江东六星家电有限公司业务部,,,,,,,,,,,,,,,,,,,,,,,,,,,,,,,,,,,,13355746965,,,,,,,,,,,,,,,,,,,,,,,,,,,,,,,,,,,,,,,,,,,,,,,,,,,
,,,,宁波皇田中央空调,,,,,,,,,,,,,,,,,,,,,,,,,,,,,,,,,,,,13355986986,,,,,,,,,,,,,,,,,,,,,,,,,,,,,,,,,,,,,,,,,,,,,,,,,,,
,,,,宁波海曙天禾电气厂,,,,,,,,,,,,,,,,,,,,,,,,,,,,,,,,,,,,13362460675,,,,,,,,,,,,,,,,,,,,,,,,,,,,,,,,,,,,,,,,,,,,,,,,,,,
,,,,宁波辰君进出口有限公司,,,,,,,,,,,,,,,,,,,,,,,,,,,,,,,,,,,,13484203600,,,,,,,,,,,,,,,,,,,,,,,,,,,,,,,,,,,,,,,,,,,,,,,,,,,
,,,,宁波市镇海区城北翔丰电脑绣服厂,,,,,,,,,,,,,,,,,,,,,,,,,,,,,,,,,,,,13486681714,,,,,,,,,,,,,,,,,,,,,,,,,,,,,,,,,,,,,,,,,,,,,,,,,,,
,,,,宁波富邦家具有限公司,,,,,,,,,,,,,,,,,,,,,,,,,,,,,,,,,,,,13505888922,,,,,,,,,,,,,,,,,,,,,,,,,,,,,,,,,,,,,,,,,,,,,,,,,,,
,,,,宁波市镇海爱乐音响器材厂,,,,,,,,,,,,,,,,,,,,,,,,,,,,,,,,,,,,13566627315,,,,,,,,,,,,,,,,,,,,,,,,,,,,,,,,,,,,,,,,,,,,,,,,,,,
,,,,宁波福尔敦商务酒店,,,,,,,,,,,,,,,,,,,,,,,,,,,,,,,,,,,,13586555598,,,,,,,,,,,,,,,,,,,,,,,,,,,,,,,,,,,,,,,,,,,,,,,,,,,
,,,,宁波三旺洁具有限公司,,,,,,,,,,,,,,,,,,,,,,,,,,,,,,,,,,,,13586881034,,,,,,,,,,,,,,,,,,,,,,,,,,,,,,,,,,,,,,,,,,,,,,,,,,,
,,,,宁波保税区新彤家居用品有限公司,,,,,,,,,,,,,,,,,,,,,,,,,,,,,,,,,,,,13616514496,,,,,,,,,,,,,,,,,,,,,,,,,,,,,,,,,,,,,,,,,,,,,,,,,,,
,,,,宁波蒙特威尔厨房科技有限公司,,,,,,,,,,,,,,,,,,,,,,,,,,,,,,,,,,,,13685834791,,,,,,,,,,,,,,,,,,,,,,,,,,,,,,,,,,,,,,,,,,,,,,,,,,,
,,,,建发展览（香港）有限公司-宁波办公室,,,,,,,,,,,,,,,,,,,,,,,,,,,,,,,,,,,,13685852772,,,,,,,,,,,,,,,,,,,,,,,,,,,,,,,,,,,,,,,,,,,,,,,,,,,
,,,,宁波手机触摸屏批发,,,,,,,,,,,,,,,,,,,,,,,,,,,,,,,,,,,,13706842790,,,,,,,,,,,,,,,,,,,,,,,,,,,,,,,,,,,,,,,,,,,,,,,,,,,
,,,,宁波海曙伏星手机商行,,,,,,,,,,,,,,,,,,,,,,,,,,,,,,,,,,,,13732111952,,,,,,,,,,,,,,,,,,,,,,,,,,,,,,,,,,,,,,,,,,,,,,,,,,,
,,,,宁波金康电子厂,,,,,,,,,,,,,,,,,,,,,,,,,,,,,,,,,,,,13736075544,,,,,,,,,,,,,,,,,,,,,,,,,,,,,,,,,,,,,,,,,,,,,,,,,,,
,,,,宁波子豪电脑花样加工厂,,,,,,,,,,,,,,,,,,,,,,,,,,,,,,,,,,,,13736116017,,,,,,,,,,,,,,,,,,,,,,,,,,,,,,,,,,,,,,,,,,,,,,,,,,,
,,,,浙江省宁波市中鉴国际贸易,,,,,,,,,,,,,,,,,,,,,,,,,,,,,,,,,,,,13736121519,,,,,,,,,,,,,,,,,,,,,,,,,,,,,,,,,,,,,,,,,,,,,,,,,,,
,,,,晟铭电子（宁波）有限公司,,,,,,,,,,,,,,,,,,,,,,,,,,,,,,,,,,,,13738461558,,,,,,,,,,,,,,,,,,,,,,,,,,,,,,,,,,,,,,,,,,,,,,,,,,,
,,,,宁波市鄞州罗拉家电用品有限公司,,,,,,,,,,,,,,,,,,,,,,,,,,,,,,,,,,,,13777032345,,,,,,,,,,,,,,,,,,,,,,,,,,,,,,,,,,,,,,,,,,,,,,,,,,,
,,,,宁波市志华家电经营部,,,,,,,,,,,,,,,,,,,,,,,,,,,,,,,,,,,,13777293366,,,,,,,,,,,,,,,,,,,,,,,,,,,,,,,,,,,,,,,,,,,,,,,,,,,
,,,,宁波慈溪百信家电,,,,,,,,,,,,,,,,,,,,,,,,,,,,,,,,,,,,13777984598,,,,,,,,,,,,,,,,,,,,,,,,,,,,,,,,,,,,,,,,,,,,,,,,,,,
,,,,宁波市科技园区森海电子科技有限公司,,,,,,,,,,,,,,,,,,,,,,,,,,,,,,,,,,,,13805898011,,,,,,,,,,,,,,,,,,,,,,,,,,,,,,,,,,,,,,,,,,,,,,,,,,,
,,,,宁波帅邦化纤有限公司,,,,,,,,,,,,,,,,,,,,,,,,,,,,,,,,,,,,13857460619,,,,,,,,,,,,,,,,,,,,,,,,,,,,,,,,,,,,,,,,,,,,,,,,,,,
,,,,宁波市北仑区新碶玉海电脑店,,,,,,,,,,,,,,,,,,,,,,,,,,,,,,,,,,,,13867865945,,,,,,,,,,,,,,,,,,,,,,,,,,,,,,,,,,,,,,,,,,,,,,,,,,,
,,,,宁波市鄞州联禾空调配件厂,,,,,,,,,,,,,,,,,,,,,,,,,,,,,,,,,,,,13906613384,,,,,,,,,,,,,,,,,,,,,,,,,,,,,,,,,,,,,,,,,,,,,,,,,,,
,,,,宁波极声电子科技有限公司,,,,,,,,,,,,,,,,,,,,,,,,,,,,,,,,,,,,13957808065,,,,,,,,,,,,,,,,,,,,,,,,,,,,,,,,,,,,,,,,,,,,,,,,,,,
,,,,宁波便民家电维修服务中心,,,,,,,,,,,,,,,,,,,,,,,,,,,,,,,,,,,,13957828580,,,,,,,,,,,,,,,,,,,,,,,,,,,,,,,,,,,,,,,,,,,,,,,,,,,
,,,,宁波澳克莱电器有限公司,,,,,,,,,,,,,,,,,,,,,,,,,,,,,,,,,,,,13957890248,,,,,,,,,,,,,,,,,,,,,,,,,,,,,,,,,,,,,,,,,,,,,,,,,,,
,,,,方太电器（宁波）股份有限公司,,,,,,,,,,,,,,,,,,,,,,,,,,,,,,,,,,,,15022907620,,,,,,,,,,,,,,,,,,,,,,,,,,,,,,,,,,,,,,,,,,,,,,,,,,,
,,,,宁波一声电子科技有限公司,,,,,,,,,,,,,,,,,,,,,,,,,,,,,,,,,,,,15058253513,,,,,,,,,,,,,,,,,,,,,,,,,,,,,,,,,,,,,,,,,,,,,,,,,,,
,,,,宁波恒通网络技术有限公司,,,,,,,,,,,,,,,,,,,,,,,,,,,,,,,,,,,,15058417697,,,,,,,,,,,,,,,,,,,,,,,,,,,,,,,,,,,,,,,,,,,,,,,,,,,
,,,,宁波惠康国际工业有限公司,,,,,,,,,,,,,,,,,,,,,,,,,,,,,,,,,,,,15268404665,,,,,,,,,,,,,,,,,,,,,,,,,,,,,,,,,,,,,,,,,,,,,,,,,,,
,,,,海尔（宁波）变频空调床垫,,,,,,,,,,,,,,,,,,,,,,,,,,,,,,,,,,,,15606690294,,,,,,,,,,,,,,,,,,,,,,,,,,,,,,,,,,,,,,,,,,,,,,,,,,,
,,,,宁波江东蓝翔家电维修部,,,,,,,,,,,,,,,,,,,,,,,,,,,,,,,,,,,,15867822108,,,,,,,,,,,,,,,,,,,,,,,,,,,,,,,,,,,,,,,,,,,,,,,,,,,
,,,,宁波茂杰电脑商行,,,,,,,,,,,,,,,,,,,,,,,,,,,,,,,,,,,,15888128039,,,,,,,,,,,,,,,,,,,,,,,,,,,,,,,,,,,,,,,,,,,,,,,,,,,
,,,,宁波净美屋电器环保科技有限公司---项朝辉 经理,,,,,,,,,,,,,,,,,,,,,,,,,,,,,,,,,,,,15888187653,,,,,,,,,,,,,,,,,,,,,,,,,,,,,,,,,,,,,,,,,,,,,,,,,,,
,,,,宁波科韩环保科技有限公司,,,,,,,,,,,,,,,,,,,,,,,,,,,,,,,,,,,,15888567875,,,,,,,,,,,,,,,,,,,,,,,,,,,,,,,,,,,,,,,,,,,,,,,,,,,
,,,,宁波市戴克电器有限公司,,,,,,,,,,,,,,,,,,,,,,,,,,,,,,,,,,,,15933877624,,,,,,,,,,,,,,,,,,,,,,,,,,,,,,,,,,,,,,,,,,,,,,,,,,,
,,,,宁波中央空调回收有限公司,,,,,,,,,,,,,,,,,,,,,,,,,,,,,,,,,,,,15958808655,,,,,,,,,,,,,,,,,,,,,,,,,,,,,,,,,,,,,,,,,,,,,,,,,,,
,,,,宁波安丽视听电子,,,,,,,,,,,,,,,,,,,,,,,,,,,,,,,,,,,,15988605009,,,,,,,,,,,,,,,,,,,,,,,,,,,,,,,,,,,,,,,,,,,,,,,,,,,
,,,,宁波森威有机玻璃制品厂,,,,,,,,,,,,,,,,,,,,,,,,,,,,,,,,,,,,18501599643,,,,,,,,,,,,,,,,,,,,,,,,,,,,,,,,,,,,,,,,,,,,,,,,,,,
,,,,宁波欧琳网络科技有限公司,,,,,,,,,,,,,,,,,,,,,,,,,,,,,,,,,,,,18698566883,,,,,,,,,,,,,,,,,,,,,,,,,,,,,,,,,,,,,,,,,,,,,,,,,,,
,,,,宁波艾兰仕厨房科技有限公司上饶办事处,,,,,,,,,,,,,,,,,,,,,,,,,,,,,,,,,,,,18720329888,,,,,,,,,,,,,,,,,,,,,,,,,,,,,,,,,,,,,,,,,,,,,,,,,,,
,,,,宁波双玉电脑横机制造有限公司,,,,,,,,,,,,,,,,,,,,,,,,,,,,,,,,,,,,18758323120,,,,,,,,,,,,,,,,,,,,,,,,,,,,,,,,,,,,,,,,,,,,,,,,,,,
